,Any,Genere,Durada,Premis,Pop
0,1990,Comedy,111.0,No,68.0
1,1991,Comedy,113.0,No,68.0
2,1983,Horror,104.0,No,79.0
3,1979,Action,122.0,No,6.0
4,1978,Drama,94.0,No,14.0
5,1983,Action,140.0,No,68.0
6,1984,Action,101.0,No,14.0
7,1989,Drama,99.0,No,28.0
8,1985,Drama,104.0,No,6.0
9,1990,Drama,149.0,No,32.0
10,1982,Drama,188.0,Yes,81.0
11,1982,Drama,117.0,No,17.0
12,1966,Drama,103.0,Yes,46.0
13,1986,Drama,112.0,No,49.0
14,1966,Drama,103.0,Yes,6.0
15,1985,Drama,112.0,Yes,39.0
16,1976,Drama,150.0,No,51.0
17,1929,Mystery,84.0,No,2.0
18,1963,Comedy,109.0,No,62.0
19,1988,Drama,110.0,No,68.0
20,1988,Comedy,101.0,No,15.0
21,1981,Action,116.0,No,8.0
22,1987,Science Fiction,101.0,No,31.0
23,1991,Action,105.0,No,79.0
24,1988,Drama,127.0,No,23.0
25,1990,Drama,97.0,No,80.0
26,1988,Drama,108.0,No,53.0
27,1980,Horror,,No,88.0
28,1989,Mystery,88.0,No,88.0
29,1979,Drama,110.0,No,19.0
30,1960,Drama,90.0,No,20.0
31,1957,Drama,91.0,Yes,42.0
32,1956,Drama,96.0,No,62.0
33,1992,Drama,90.0,No,36.0
34,1955,Drama,86.0,No,14.0
35,1955,Drama,95.0,No,38.0
36,1962,Drama,91.0,Yes,64.0
37,1972,Drama,91.0,Yes,18.0
38,1958,Action,104.0,No,52.0
39,1967,Comedy,130.0,No,11.0
40,1962,Action,,No,7.0
41,1954,Drama,103.0,No,11.0
42,1979,Comedy,121.0,No,60.0
43,1983,Comedy,118.0,No,67.0
44,1966,Drama,190.0,No,8.0
45,1966,Mystery,125.0,No,35.0
46,1986,Drama,107.0,No,82.0
47,1965,Music,172.0,Yes,59.0
48,1985,Comedy,55.0,No,88.0
49,1984,Comedy,140.0,No,67.0
50,1988,Comedy,104.0,No,53.0
51,1978,Mystery,106.0,No,85.0
52,1992,Music,286.0,No,5.0
53,1978,Mystery,108.0,No,19.0
54,1992,Drama,95.0,No,3.0
55,1987,Mystery,120.0,No,61.0
56,1992,Action,117.0,No,28.0
57,1981,Drama,106.0,No,82.0
58,1992,Mystery,97.0,No,68.0
59,1991,War,115.0,No,68.0
60,1924,Drama,110.0,No,79.0
61,1991,Horror,90.0,No,69.0
62,1988,Drama,118.0,No,7.0
63,1991,Drama,115.0,No,51.0
64,1986,Comedy,108.0,No,52.0
65,1985,Comedy,97.0,No,81.0
66,1985,Comedy,104.0,No,41.0
67,1971,Comedy,102.0,No,83.0
68,1959,Action,91.0,No,11.0
69,1926,Action,126.0,No,55.0
70,1987,Drama,102.0,Yes,79.0
71,1989,Drama,118.0,No,20.0
72,1988,Action,141.0,No,8.0
73,1926,Mystery,66.0,No,76.0
74,1988,Mystery,103.0,No,75.0
75,1974,Mystery,128.0,Yes,8.0
76,1955,War,115.0,No,15.0
77,1977,Action,136.0,No,27.0
78,1988,Action,100.0,No,61.0
79,1991,Horror,89.0,No,37.0
80,1989,Action,103.0,No,40.0
81,1996,Horror,96.0,No,39.0
82,1992,Drama,100.0,No,9.0
83,1980,Drama,124.0,Yes,3.0
84,1988,Science Fiction,90.0,No,70.0
85,1982,Horror,120.0,No,70.0
86,1987,Drama,100.0,No,6.0
87,1971,Drama,101.0,No,62.0
88,1957,Comedy,99.0,No,25.0
89,1969,Drama,86.0,No,66.0
90,1958,Comedy,77.0,No,37.0
91,1959,Comedy,90.0,No,16.0
92,1967,Action,100.0,No,54.0
93,1968,Westerns,113.0,No,0.0
94,1964,Drama,102.0,No,81.0
95,1965,Comedy,100.0,No,71.0
96,1962,Drama,134.0,No,30.0
97,1964,Comedy,99.0,No,34.0
98,1958,Comedy,90.0,No,70.0
99,1955,Comedy,90.0,No,83.0
100,1962,War,100.0,No,8.0
101,1957,Drama,90.0,No,29.0
102,1973,Drama,87.0,No,39.0
103,1987,Drama,97.0,No,48.0
104,1932,Drama,92.0,No,57.0
105,1987,Action,104.0,No,9.0
106,1982,Science Fiction,115.0,Yes,8.0
107,1992,Drama,101.0,No,44.0
108,1988,Comedy,83.0,No,47.0
109,1989,Action,126.0,No,14.0
110,1987,Comedy,95.0,No,7.0
111,1982,Action,101.0,No,40.0
112,1992,Drama,125.0,No,50.0
113,1983,Action,134.0,No,8.0
114,1986,Drama,117.0,No,7.0
115,1989,Mystery,,No,71.0
116,1986,Drama,108.0,No,11.0
117,1991,Comedy,116.0,No,84.0
118,1990,Horror,123.0,Yes,48.0
119,1946,Drama,93.0,No,66.0
120,1984,Drama,95.0,No,36.0
121,1990,Mystery,101.0,No,74.0
122,1988,Drama,96.0,No,52.0
123,1989,Comedy,103.0,No,49.0
124,1988,Action,96.0,No,0.0
125,1990,Mystery,127.0,No,69.0
126,1942,Drama,123.0,No,59.0
127,1972,Comedy,100.0,No,55.0
128,1977,Drama,102.0,No,2.0
129,1982,Comedy,,No,18.0
130,1990,Drama,105.0,No,88.0
131,1948,Mystery,99.0,No,31.0
132,1945,Drama,103.0,No,80.0
133,1988,Action,76.0,No,68.0
134,1985,Comedy,55.0,No,79.0
135,1982,Drama,188.0,Yes,7.0
136,1975,Action,120.0,No,2.0
137,1971,Drama,96.0,No,10.0
138,1970,Comedy,126.0,No,83.0
139,1972,Drama,90.0,No,55.0
140,1935,Comedy,75.0,No,72.0
141,1978,Drama,97.0,Yes,49.0
142,1944,Drama,114.0,Yes,25.0
143,1958,Drama,100.0,No,1.0
144,1941,Drama,75.0,No,32.0
145,1948,Drama,100.0,No,7.0
146,1982,Drama,195.0,Yes,15.0
147,1969,Drama,98.0,No,2.0
148,1949,Drama,117.0,No,74.0
149,1946,Mystery,101.0,No,42.0
150,1940,Drama,90.0,No,14.0
151,1961,Drama,120.0,No,6.0
152,1956,Drama,106.0,Yes,24.0
153,1945,Drama,126.0,No,31.0
154,1937,Drama,91.0,No,32.0
155,1938,Drama,104.0,No,49.0
156,1935,Drama,90.0,No,88.0
157,1939,Drama,87.0,No,26.0
158,1938,Drama,74.0,No,19.0
159,1956,Drama,98.0,No,33.0
160,1952,Drama,110.0,No,34.0
161,1953,Drama,83.0,No,57.0
162,1954,Drama,81.0,No,69.0
163,1950,Drama,107.0,No,69.0
164,1969,Comedy,103.0,Yes,67.0
165,1989,Comedy,105.0,No,16.0
166,1990,Drama,90.0,No,16.0
167,1987,Action,91.0,No,71.0
168,1982,Action,128.0,No,45.0
169,1991,Mystery,91.0,No,88.0
170,1970,Comedy,94.0,No,31.0
171,1982,Drama,108.0,No,84.0
172,1983,Comedy,60.0,No,20.0
173,1984,Drama,158.0,Yes,6.0
174,1973,Action,101.0,No,54.0
175,1988,Drama,172.0,Yes,5.0
176,1972,Western,124.0,No,65.0
177,1970,Drama,137.0,Yes,0.0
178,1973,Drama,116.0,Yes,10.0
179,1952,Comedy,107.0,No,66.0
180,1976,Horror,116.0,No,35.0
181,1969,Drama,94.0,No,36.0
182,1991,Drama,98.0,No,2.0
183,1974,Drama,144.0,No,81.0
184,1964,Action,112.0,No,77.0
185,1977,Horror,117.0,No,29.0
186,1953,,61.0,No,
187,1942,Drama,88.0,No,12.0
188,1968,Drama,103.0,Yes,38.0
189,1973,Western,105.0,No,57.0
190,1982,Drama,123.0,No,69.0
191,1990,Horror,102.0,No,72.0
192,1987,Drama,98.0,No,45.0
193,1985,Drama,105.0,No,49.0
194,1993,Comedy,60.0,No,13.0
195,1974,Comedy,89.0,No,83.0
196,1993,Comedy,65.0,No,62.0
197,1958,Comedy,101.0,No,67.0
198,1981,Action,129.0,No,86.0
199,1928,War,139.0,Yes,44.0
200,1992,Action,106.0,No,6.0
201,1989,Drama,,No,15.0
202,1985,Drama,119.0,Yes,10.0
203,1990,Action,121.0,No,48.0
204,1973,Drama,129.0,Yes,83.0
205,1958,War,96.0,No,50.0
206,1986,Drama,101.0,No,45.0
207,1990,Drama,135.0,No,76.0
208,1948,Drama,110.0,No,73.0
209,1987,Comedy,91.0,No,66.0
210,1965,Drama,123.0,No,9.0
211,1980,Drama,104.0,No,58.0
212,1988,Mystery,120.0,No,17.0
213,1978,Science Fiction,114.0,No,64.0
214,1988,Drama,117.0,No,29.0
215,1988,Action,90.0,No,13.0
216,1973,Horror,122.0,Yes,28.0
217,1975,Comedy,112.0,Yes,82.0
218,1982,Drama,94.0,No,70.0
219,1952,War,109.0,No,4.0
220,1954,Short,40.0,No,62.0
221,1989,Comedy,114.0,No,18.0
222,1990,Drama,102.0,No,6.0
223,1971,Mystery,98.0,No,1.0
224,1983,Comedy,50.0,No,28.0
225,1989,Drama,80.0,No,19.0
226,1987,Western,91.0,No,40.0
227,1984,Comedy,94.0,No,75.0
228,1984,Science Fiction,99.0,No,63.0
229,1989,Action,125.0,No,73.0
230,1963,Drama,138.0,Yes,80.0
231,1935,Horror,64.0,No,33.0
232,1988,Drama,103.0,No,71.0
233,1966,War,175.0,No,63.0
234,1974,Drama,313.0,Yes,28.0
235,1977,Horror,104.0,No,54.0
236,1983,Drama,104.0,No,51.0
237,1936,Mystery,84.0,No,50.0
238,1986,Comedy,71.0,No,40.0
239,1972,Action,71.0,No,50.0
240,1987,Mystery,119.0,No,14.0
241,1990,Comedy,107.0,No,61.0
242,1982,Comedy,92.0,No,65.0
243,1987,Comedy,,No,23.0
244,1977,Horror,91.0,No,34.0
245,1990,Comedy,,No,32.0
246,1989,Action,90.0,No,15.0
247,1970,Comedy,26.0,No,22.0
248,1943,Action,99.0,No,87.0
249,1992,Comedy,99.0,No,85.0
250,1989,Mystery,113.0,No,86.0
251,1987,Comedy,103.0,Yes,6.0
252,1987,Comedy,119.0,No,8.0
253,1979,Action,128.0,No,32.0
254,1984,Drama,106.0,No,72.0
255,1986,Comedy,88.0,No,16.0
256,1989,Drama,90.0,No,77.0
257,1975,Comedy,109.0,Yes,69.0
258,1985,Drama,111.0,No,43.0
259,1965,Drama,122.0,Yes,44.0
260,1963,Drama,120.0,No,63.0
261,1931,Comedy,68.0,No,66.0
262,1931,Western,110.0,No,22.0
263,1967,Western,111.0,No,50.0
264,1968,Action,103.0,No,57.0
265,1989,Comedy,91.0,No,12.0
266,1987,Drama,118.0,No,7.0
267,1980,Comedy,91.0,No,0.0
268,1988,Drama,119.0,No,77.0
269,1990,Drama,111.0,Yes,73.0
270,1991,Comedy,119.0,No,74.0
271,1946,Drama,105.0,No,65.0
272,1987,Comedy,101.0,No,20.0
273,1948,Drama,81.0,No,39.0
274,1962,Comedy,91.0,No,37.0
275,1989,Comedy,108.0,No,51.0
276,1992,Drama,135.0,No,87.0
277,1966,Western,99.0,No,15.0
278,1986,Comedy,88.0,No,49.0
279,1991,Drama,96.0,No,72.0
280,1961,Comedy,66.0,No,4.0
281,1990,Adventure,110.0,No,66.0
282,1962,Drama,110.0,Yes,11.0
283,1989,Science Fiction,90.0,No,20.0
284,1991,Horror,95.0,No,31.0
285,1989,Horror,103.0,No,27.0
286,1992,Music,60.0,No,13.0
287,1977,Comedy,123.0,No,82.0
288,1987,Comedy,109.0,No,3.0
289,1988,Comedy,108.0,Yes,7.0
290,1954,Comedy,96.0,No,48.0
291,1957,Drama,82.0,No,57.0
292,1986,Drama,120.0,No,71.0
293,1979,Music,122.0,No,67.0
294,1989,Comedy,97.0,No,81.0
295,1974,Adventure,124.0,Yes,81.0
296,1990,Comedy,106.0,No,22.0
297,1980,Mystery,90.0,No,74.0
298,1990,Drama,94.0,No,35.0
299,1971,Drama,74.0,No,36.0
300,1969,Western,128.0,Yes,77.0
301,1942,War,18.0,No,75.0
302,1948,Western,103.0,No,72.0
303,1965,Mystery,133.0,No,68.0
304,1946,Drama,110.0,No,20.0
305,1939,Drama,96.0,No,18.0
306,1950,Drama,138.0,Yes,23.0
307,1986,Horror,96.0,No,33.0
308,1990,Comedy,89.0,No,24.0
309,1988,Horror,93.0,No,16.0
310,1989,Drama,104.0,No,53.0
311,1956,Mystery,120.0,No,15.0
312,1992,Science Fiction,90.0,No,14.0
313,1940,Mystery,120.0,No,61.0
314,1949,Drama,115.0,Yes,81.0
315,1986,Drama,120.0,No,25.0
316,1975,Action,89.0,No,4.0
317,1942,Drama,85.0,No,36.0
318,1989,Drama,120.0,No,5.0
319,1990,Drama,93.0,No,33.0
320,1967,Drama,90.0,No,28.0
321,1992,Action,86.0,No,16.0
322,1987,Action,86.0,No,24.0
323,1989,Action,95.0,No,83.0
324,1983,Comedy,99.0,No,28.0
325,1980,Drama,103.0,No,40.0
326,1986,Drama,108.0,No,15.0
327,1983,Mystery,114.0,No,15.0
328,1981,Action,135.0,No,87.0
329,1977,War,107.0,No,59.0
330,1980,Drama,135.0,No,66.0
331,1986,Drama,120.0,Yes,87.0
332,1989,Drama,127.0,No,86.0
333,1990,Drama,125.0,No,6.0
334,1989,Action,113.0,No,5.0
335,1988,Drama,103.0,No,19.0
336,1981,Science Fiction,94.0,No,62.0
337,1989,Action,89.0,No,10.0
338,1990,Comedy,56.0,No,12.0
339,1940,Drama,83.0,No,24.0
340,1961,Drama,190.0,Yes,39.0
341,1989,Comedy,60.0,No,12.0
342,1990,Comedy,97.0,No,72.0
343,1987,Drama,130.0,No,71.0
344,1991,Drama,158.0,No,57.0
345,1987,Drama,118.0,No,41.0
346,1993,Mystery,30.0,No,60.0
347,1991,Comedy,99.0,No,78.0
348,1979,Mystery,110.0,No,7.0
349,1991,Drama,110.0,No,81.0
350,1991,Drama,102.0,No,33.0
351,1946,Western,97.0,No,12.0
352,1950,Western,86.0,No,30.0
353,1949,Western,93.0,No,84.0
354,1985,Comedy,90.0,No,82.0
355,1986,Comedy,87.0,No,39.0
356,1992,Drama,85.0,No,69.0
357,1976,Comedy,116.0,Yes,48.0
358,1974,Drama,131.0,Yes,55.0
359,1975,Drama,117.0,No,87.0
360,1977,Drama,134.0,No,34.0
361,1987,Drama,97.0,No,23.0
362,1990,Drama,104.0,No,20.0
363,1947,Comedy,118.0,No,10.0
364,1943,Drama,,No,42.0
365,1974,Drama,117.0,No,1.0
366,1981,Comedy,117.0,No,5.0
367,1980,Horror,144.0,No,32.0
368,1945,Western,91.0,No,54.0
369,1993,Comedy,92.0,No,34.0
370,1979,Horror,92.0,No,51.0
371,1970,Action,123.0,No,3.0
372,1984,Comedy,105.0,No,41.0
373,1991,Mystery,86.0,No,64.0
374,1961,Drama,140.0,No,20.0
375,1966,Comedy,103.0,No,60.0
376,1974,Action,127.0,No,41.0
377,1985,Action,96.0,No,45.0
378,1967,Comedy,103.0,No,80.0
379,1993,Music,53.0,No,48.0
380,1992,Mystery,97.0,No,8.0
381,1987,Drama,94.0,No,41.0
382,1987,Drama,94.0,No,38.0
383,1956,Drama,101.0,No,32.0
384,1985,Comedy,84.0,Yes,20.0
385,1984,Comedy,85.0,No,14.0
386,1992,Comedy,108.0,No,80.0
387,1986,Comedy,103.0,Yes,8.0
388,1979,Action,115.0,No,8.0
389,1986,Drama,95.0,No,52.0
390,1981,Comedy,96.0,No,80.0
391,1936,Comedy,70.0,No,28.0
392,1978,Drama,450.0,No,1.0
393,1990,Science Fiction,103.0,No,47.0
394,1992,Drama,90.0,No,67.0
395,1988,Action,95.0,No,2.0
396,1987,Comedy,95.0,No,84.0
397,1984,Drama,112.0,Yes,83.0
398,1991,Drama,106.0,No,55.0
399,1977,Drama,113.0,No,17.0
400,1981,Drama,116.0,No,76.0
401,1979,Drama,110.0,Yes,64.0
402,1989,Drama,118.0,No,66.0
403,1989,Comedy,101.0,No,42.0
404,1980,Science Fiction,124.0,No,33.0
405,1977,Science Fiction,121.0,No,44.0
406,1983,Science Fiction,132.0,No,4.0
407,1991,Drama,104.0,No,72.0
408,1956,Action,99.0,No,52.0
409,1957,Western,120.0,No,84.0
410,1931,Western,,No,51.0
411,1990,Comedy,89.0,No,79.0
412,1972,Drama,129.0,No,75.0
413,1979,Drama,122.0,No,43.0
414,1986,Mystery,100.0,No,6.0
415,1971,Drama,114.0,Yes,15.0
416,1979,Comedy,113.0,No,34.0
417,1965,Comedy,97.0,Yes,62.0
418,1991,Drama,,Yes,1.0
419,1940,Drama,130.0,Yes,78.0
420,1944,Drama,96.0,No,44.0
421,1973,Action,87.0,No,31.0
422,1992,Mystery,85.0,No,26.0
423,1989,Mystery,83.0,No,80.0
424,1990,Mystery,94.0,No,10.0
425,1983,Comedy,95.0,No,30.0
426,1991,Mystery,118.0,Yes,8.0
427,1988,Drama,98.0,No,76.0
428,1972,Comedy,92.0,No,33.0
429,1988,Drama,,No,88.0
430,1955,Drama,,No,66.0
431,1989,Drama,103.0,Yes,32.0
432,1987,Comedy,92.0,No,45.0
433,1934,Drama,85.0,No,57.0
434,1931,Drama,74.0,No,66.0
435,1930,Drama,92.0,No,0.0
436,1926,Drama,109.0,No,72.0
437,1928,Drama,90.0,No,83.0
438,1935,Drama,96.0,Yes,35.0
439,1936,Drama,110.0,No,74.0
440,1931,Drama,91.0,No,67.0
441,1929,Drama,100.0,No,70.0
442,1932,Drama,112.0,Yes,81.0
443,1931,Drama,84.0,No,64.0
444,1939,Comedy,108.0,No,40.0
445,1933,Drama,97.0,No,82.0
446,1928,Drama,96.0,No,72.0
447,1925,Drama,125.0,No,73.0
448,1929,Drama,74.0,No,73.0
449,1932,Drama,71.0,No,85.0
450,1930,Drama,76.0,No,62.0
451,1962,Drama,105.0,No,60.0
452,1982,Comedy,116.0,Yes,8.0
453,1989,Comedy,86.0,No,88.0
454,1953,Drama,120.0,No,50.0
455,1979,Comedy,120.0,No,24.0
456,1975,Action,124.0,No,6.0
457,1987,Drama,93.0,No,44.0
458,1989,Drama,120.0,No,49.0
459,1975,Drama,111.0,No,64.0
460,1979,Comedy,89.0,No,75.0
461,1986,Drama,122.0,No,77.0
462,1959,Western,102.0,No,76.0
463,1954,Action,108.0,No,56.0
464,1961,Drama,134.0,Yes,43.0
465,1983,Drama,109.0,No,3.0
466,1988,Drama,100.0,No,60.0
467,1987,Comedy,102.0,No,44.0
468,1986,Comedy,120.0,No,69.0
469,1978,Drama,117.0,No,11.0
470,1988,Drama,134.0,Yes,8.0
471,1966,Drama,95.0,No,20.0
472,1964,Science Fiction,51.0,No,27.0
473,1988,Horror,,No,62.0
474,1979,Western,180.0,No,62.0
475,1991,Comedy,,No,74.0
476,1932,Crime,66.0,No,66.0
477,1986,Drama,120.0,No,19.0
478,1990,Drama,126.0,No,82.0
479,1988,Comedy,115.0,No,25.0
480,1992,Mystery,133.0,No,11.0
481,1991,Horror,76.0,No,40.0
482,1988,Comedy,99.0,No,2.0
483,1991,Action,136.0,No,8.0
484,1984,Action,108.0,No,17.0
485,1986,Action,105.0,No,20.0
486,1969,Comedy,125.0,No,59.0
487,1991,Drama,186.0,No,81.0
488,1990,Comedy,,No,61.0
489,1992,Comedy,99.0,No,58.0
490,1985,Drama,100.0,No,73.0
491,1983,Horror,82.0,No,24.0
492,1984,Drama,93.0,No,14.0
493,1989,Comedy,,No,53.0
494,1987,Comedy,107.0,No,66.0
495,1982,Action,117.0,No,1.0
496,1987,Drama,126.0,Yes,6.0
497,1992,Drama,111.0,No,58.0
498,1989,Drama,89.0,No,59.0
499,1938,Western,298.0,No,82.0
500,1936,Comedy,89.0,No,86.0
501,1976,Drama,99.0,No,85.0
502,1988,Drama,88.0,No,65.0
503,1983,Drama,93.0,Yes,61.0
504,1987,Drama,96.0,No,5.0
505,1989,Horror,87.0,No,36.0
506,1991,Mystery,96.0,No,23.0
507,1986,Science Fiction,110.0,No,8.0
508,1987,Action,93.0,No,51.0
509,1989,Action,104.0,No,9.0
510,1970,Comedy,94.0,No,41.0
511,1984,Drama,100.0,No,81.0
512,1978,Comedy,112.0,No,46.0
513,1982,Comedy,109.0,No,74.0
514,1972,Drama,109.0,Yes,82.0
515,1987,Comedy,112.0,No,6.0
516,1974,Drama,103.0,No,23.0
517,1992,Comedy,102.0,No,14.0
518,1986,Comedy,106.0,No,22.0
519,1984,Comedy,100.0,No,53.0
520,1980,Comedy,102.0,No,49.0
521,1974,Drama,109.0,No,28.0
522,1980,Comedy,110.0,No,61.0
523,1991,Mystery,115.0,No,55.0
524,1931,Drama,95.0,No,84.0
525,1972,Drama,78.0,No,84.0
526,1964,Drama,132.0,No,29.0
527,1952,Drama,98.0,No,49.0
528,1948,Mystery,87.0,No,16.0
529,1940,Drama,81.0,No,57.0
530,1946,Drama,110.0,No,57.0
531,1948,Drama,98.0,No,48.0
532,1990,Comedy,105.0,No,84.0
533,1964,Drama,130.0,No,2.0
534,1987,Mystery,85.0,No,0.0
535,1984,Comedy,90.0,No,3.0
536,1985,Mystery,95.0,No,27.0
537,1949,Drama,84.0,No,87.0
538,1964,Music,170.0,Yes,10.0
539,1960,Drama,123.0,No,32.0
540,1976,Action,106.0,No,6.0
541,1961,Drama,109.0,No,60.0
542,1956,Drama,121.0,No,21.0
543,1952,Comedy,95.0,No,48.0
544,1968,Drama,134.0,Yes,78.0
545,1991,Western,132.0,No,75.0
546,1967,Drama,108.0,Yes,50.0
547,1957,Comedy,153.0,No,51.0
548,1975,Western,107.0,No,76.0
549,1981,Drama,109.0,Yes,23.0
550,1991,Comedy,101.0,No,62.0
551,1991,Drama,116.0,No,73.0
552,1991,Drama,145.0,No,34.0
553,1991,Drama,115.0,No,22.0
554,1991,Comedy,113.0,No,25.0
555,1991,Comedy,112.0,No,66.0
556,1991,Comedy,113.0,No,12.0
557,1992,Drama,95.0,No,31.0
558,1986,Drama,114.0,No,2.0
559,1987,Comedy,112.0,No,50.0
560,1988,Drama,163.0,No,32.0
561,1991,Drama,99.0,No,53.0
562,1988,Drama,87.0,No,42.0
563,1966,Drama,120.0,Yes,20.0
564,1986,Drama,90.0,No,
565,1989,Horror,83.0,No,9.0
566,1943,Mystery,265.0,No,77.0
567,1992,Action,88.0,No,19.0
568,1987,Comedy,95.0,No,71.0
569,1980,Comedy,99.0,No,70.0
570,1973,Music,102.0,No,11.0
571,1987,Comedy,94.0,No,5.0
572,1947,Western,56.0,No,61.0
573,1928,Drama,148.0,No,33.0
574,1986,Drama,90.0,No,63.0
575,1987,Drama,105.0,No,71.0
576,1934,Drama,80.0,No,9.0
577,1950,Comedy,104.0,No,42.0
578,1991,Action,89.0,No,10.0
579,1987,Comedy,94.0,No,23.0
580,1989,Comedy,114.0,No,68.0
581,1980,Drama,110.0,No,65.0
582,1982,Drama,136.0,No,59.0
583,1980,Science Fiction,106.0,No,62.0
584,1940,Action,127.0,No,51.0
585,1987,Drama,112.0,No,27.0
586,1989,Drama,121.0,No,5.0
587,1992,Comedy,102.0,No,8.0
588,1932,Horror,65.0,No,61.0
589,1991,Comedy,108.0,No,60.0
590,1990,Drama,93.0,No,1.0
591,1980,Drama,129.0,No,45.0
592,1988,Comedy,97.0,No,6.0
593,1982,Drama,120.0,No,73.0
594,1987,Comedy,89.0,No,17.0
595,1973,Comedy,103.0,Yes,79.0
596,1970,Drama,129.0,No,18.0
597,1988,Comedy,89.0,No,76.0
598,1986,Mystery,100.0,No,5.0
599,1955,Comedy,108.0,No,58.0
600,1989,Comedy,90.0,No,88.0
601,1981,Drama,132.0,Yes,80.0
602,1927,Mystery,60.0,No,45.0
603,1937,Comedy,59.0,No,6.0
604,1991,Comedy,83.0,No,3.0
605,1983,Comedy,90.0,No,10.0
606,1987,Action,86.0,No,47.0
607,1990,Action,131.0,No,44.0
608,1986,Drama,100.0,No,74.0
609,1963,Comedy,99.0,No,7.0
610,1991,Comedy,117.0,No,43.0
611,1988,Action,102.0,No,43.0
612,1948,Drama,100.0,No,29.0
613,1973,Comedy,103.0,Yes,3.0
614,1983,Comedy,97.0,No,34.0
615,1975,Comedy,91.0,No,42.0
616,1990,Comedy,108.0,No,19.0
617,1977,Comedy,89.0,No,42.0
618,1955,Mystery,67.0,No,66.0
619,1988,Action,103.0,No,14.0
620,1983,Action,97.0,No,51.0
621,1989,Drama,145.0,Yes,8.0
622,1991,Drama,120.0,No,8.0
623,1977,Comedy,94.0,Yes,68.0
624,1979,Comedy,96.0,Yes,82.0
625,1981,Drama,195.0,Yes,76.0
626,1986,Comedy,105.0,No,84.0
627,1977,Drama,136.0,No,54.0
628,1972,Drama,175.0,Yes,8.0
629,1974,Drama,201.0,Yes,8.0
630,1976,Comedy,109.0,No,6.0
631,1972,Comedy,86.0,No,81.0
632,1975,Comedy,82.0,No,84.0
633,1973,Comedy,88.0,No,59.0
634,1970,Drama,130.0,No,88.0
635,1980,Mystery,117.0,No,82.0
636,1977,Drama,143.0,No,76.0
637,1977,Drama,124.0,No,36.0
638,1972,Comedy,98.0,No,40.0
639,1953,Action,116.0,No,71.0
640,1955,Mystery,103.0,No,69.0
641,1954,Mystery,113.0,No,25.0
642,1945,Drama,69.0,No,26.0
643,1939,Action,101.0,No,11.0
644,1956,Horror,129.0,No,69.0
645,1989,Action,113.0,No,69.0
646,1992,Comedy,79.0,No,69.0
647,1927,Drama,62.0,No,
648,1978,Action,145.0,No,87.0
649,1987,Action,90.0,No,77.0
650,1970,Comedy,90.0,No,49.0
651,1989,Mystery,96.0,No,1.0
652,1990,Action,107.0,No,3.0
653,1987,Comedy,101.0,No,21.0
654,1983,Action,,No,29.0
655,1984,Drama,150.0,No,27.0
656,1984,Comedy,96.0,No,73.0
657,1987,Comedy,95.0,No,8.0
658,1989,Action,104.0,No,25.0
659,1987,Drama,90.0,No,71.0
660,1986,Drama,90.0,No,41.0
661,1969,Drama,102.0,No,78.0
662,1984,Drama,106.0,No,78.0
663,1935,Western,54.0,No,50.0
664,1990,Comedy,98.0,No,14.0
665,1986,Comedy,98.0,No,66.0
666,1977,Mystery,127.0,No,35.0
667,1989,Drama,119.0,No,53.0
668,1987,Drama,88.0,No,62.0
669,1989,Horror,86.0,No,55.0
670,1987,Action,90.0,No,15.0
671,1990,Comedy,110.0,No,23.0
672,1978,War,114.0,No,67.0
673,1986,Comedy,89.0,No,79.0
674,1953,Drama,94.0,No,82.0
675,1969,Action,80.0,No,44.0
676,1988,Comedy,98.0,No,4.0
677,1981,Drama,119.0,No,62.0
678,1988,Drama,116.0,No,2.0
679,1990,Comedy,101.0,No,60.0
680,1985,Music,118.0,No,71.0
681,1986,Comedy,84.0,No,28.0
682,1987,Drama,109.0,No,11.0
683,1983,Drama,94.0,No,4.0
684,1983,Drama,91.0,No,56.0
685,1990,Science Fiction,94.0,No,7.0
686,1989,Action,93.0,No,65.0
687,1990,Drama,115.0,No,66.0
688,1988,Romance,127.0,No,62.0
689,1992,Mystery,128.0,No,7.0
690,1992,Mystery,121.0,No,24.0
691,1949,Western,58.0,No,19.0
692,1978,Comedy,109.0,Yes,78.0
693,1971,Music,137.0,No,8.0
694,1990,Action,100.0,No,49.0
695,1960,Horror,109.0,No,56.0
696,1957,Action,112.0,No,43.0
697,1987,Mystery,95.0,No,36.0
698,1951,Drama,122.0,Yes,75.0
699,1986,Comedy,93.0,No,86.0
700,1971,Drama,84.0,No,80.0
701,1985,Drama,128.0,No,69.0
702,1989,Drama,116.0,No,76.0
703,1978,Action,132.0,No,21.0
704,1974,Drama,90.0,No,21.0
705,1980,Westerns,116.0,No,57.0
706,1977,Action,109.0,No,18.0
707,1986,Drama,105.0,No,1.0
708,1938,Mystery,96.0,No,27.0
709,1987,Drama,95.0,No,41.0
710,1959,Comedy,88.0,No,63.0
711,1929,Drama,68.0,No,2.0
712,1941,Comedy,95.0,No,3.0
713,1986,Drama,132.0,No,47.0
714,1982,Comedy,101.0,No,4.0
715,1987,Action,114.0,No,34.0
716,1991,Action,60.0,No,9.0
717,1991,Horror,94.0,No,31.0
718,1960,Drama,101.0,No,52.0
719,1961,Drama,100.0,Yes,83.0
720,1954,Drama,107.0,No,40.0
721,1963,Comedy,118.0,Yes,73.0
722,1957,Action,109.0,No,84.0
723,1978,Action,111.0,No,53.0
724,1964,Drama,188.0,No,62.0
725,1961,Drama,172.0,No,10.0
726,1958,Drama,114.0,No,13.0
727,1953,Drama,92.0,No,54.0
728,1959,Drama,,No,54.0
729,1977,Drama,91.0,No,80.0
730,1977,Drama,105.0,Yes,80.0
731,1979,Action,112.0,No,52.0
732,1991,Drama,145.0,No,49.0
733,1990,Drama,,No,2.0
734,1991,Music,130.0,No,55.0
735,1992,Action,116.0,No,1.0
736,1986,Drama,141.0,No,56.0
737,1986,Action,94.0,No,75.0
738,1992,Comedy,98.0,No,55.0
739,1979,Action,85.0,No,17.0
740,1991,Drama,118.0,No,13.0
741,1943,Horror,64.0,No,83.0
742,1986,Drama,125.0,No,20.0
743,1991,Comedy,102.0,No,2.0
744,1962,Drama,150.0,No,80.0
745,1989,Drama,101.0,Yes,70.0
746,1990,Comedy,107.0,No,25.0
747,1988,Action,95.0,No,73.0
748,1979,Comedy,129.0,Yes,31.0
749,1983,Drama,132.0,Yes,32.0
750,1967,Comedy,99.0,No,36.0
751,1968,Comedy,,No,86.0
752,1990,Comedy,101.0,No,63.0
753,1970,Western,105.0,No,36.0
754,1992,Drama,84.0,No,71.0
755,1939,Drama,85.0,No,83.0
756,1988,Music,100.0,No,74.0
757,1991,Music,118.0,No,54.0
758,1992,Music,60.0,No,24.0
759,1991,Music,40.0,No,65.0
760,1990,Music,60.0,No,32.0
761,1987,Music,50.0,No,75.0
762,1990,Music,5.0,No,77.0
763,1991,Music,16.0,No,63.0
764,1988,Comedy,83.0,No,78.0
765,1986,Drama,103.0,No,9.0
766,1990,Drama,120.0,No,70.0
767,1974,Drama,124.0,Yes,50.0
768,1988,Action,85.0,No,33.0
769,1980,Drama,94.0,No,4.0
770,1949,War,110.0,No,72.0
771,1981,Horror,104.0,No,44.0
772,1989,Mystery,81.0,No,15.0
773,1955,Drama,92.0,No,70.0
774,1986,Drama,130.0,No,77.0
775,1986,War,130.0,No,61.0
776,1977,Comedy,110.0,Yes,6.0
777,1991,Drama,113.0,No,62.0
778,1981,Comedy,86.0,No,68.0
779,1991,Action,144.0,No,8.0
780,1992,Drama,101.0,No,38.0
781,1986,Drama,119.0,Yes,6.0
782,1986,Drama,119.0,Yes,20.0
783,1986,Comedy,,No,34.0
784,1989,Comedy,88.0,No,65.0
785,1980,Comedy,86.0,No,66.0
786,1989,Mystery,100.0,No,69.0
787,1992,Action,89.0,No,0.0
788,1990,Drama,92.0,No,28.0
789,1990,Comedy,110.0,No,18.0
790,1992,Comedy,95.0,No,71.0
791,1967,Action,81.0,No,27.0
792,1990,Western,181.0,Yes,8.0
793,1987,Drama,130.0,No,81.0
794,1988,Drama,120.0,Yes,41.0
795,1975,Action,130.0,No,69.0
796,1988,Drama,109.0,No,75.0
797,1991,Drama,98.0,No,6.0
798,1988,Drama,110.0,Yes,71.0
799,1989,Drama,109.0,No,30.0
800,1983,Comedy,101.0,No,2.0
801,1987,Fantasy,102.0,No,57.0
802,1986,Action,109.0,No,8.0
803,1985,Drama,112.0,No,59.0
804,1988,Mystery,111.0,No,6.0
805,1984,Drama,109.0,No,50.0
806,1983,Comedy,98.0,No,51.0
807,1988,Comedy,106.0,No,18.0
808,1965,Drama,199.0,No,26.0
809,1989,Drama,105.0,No,11.0
810,1981,Comedy,91.0,No,17.0
811,1957,Drama,89.0,No,47.0
812,1964,Drama,120.0,Yes,39.0
813,1975,Comedy,103.0,Yes,35.0
814,1988,Comedy,98.0,No,34.0
815,1990,Drama,117.0,No,3.0
816,1991,Drama,206.0,No,78.0
817,1991,Action,97.0,No,80.0
818,1991,Comedy,87.0,No,8.0
819,1987,War,118.0,No,3.0
820,1970,Drama,194.0,Yes,81.0
821,1973,Western,127.0,No,40.0
822,1962,Western,123.0,No,85.0
823,1989,Action,102.0,No,9.0
824,1988,Comedy,90.0,No,17.0
825,1960,Science Fiction,103.0,No,88.0
826,1972,Drama,128.0,Yes,59.0
827,1981,Comedy,97.0,Yes,79.0
828,1976,Drama,97.0,No,70.0
829,1977,Drama,137.0,No,8.0
830,1989,Horror,89.0,No,41.0
831,1980,Comedy,100.0,No,29.0
832,1991,Music,240.0,No,3.0
833,1950,Action,112.0,No,77.0
834,1992,Music,61.0,No,60.0
835,1953,Comedy,95.0,No,65.0
836,1983,Comedy,,No,27.0
837,1991,Comedy,94.0,No,25.0
838,1987,Action,109.0,No,25.0
839,1986,Comedy,94.0,No,61.0
840,1989,Comedy,110.0,No,51.0
841,1984,Comedy,102.0,No,10.0
842,1990,Science Fiction,127.0,Yes,6.0
843,1986,Drama,113.0,No,66.0
844,1982,Drama,107.0,No,73.0
845,1948,Comedy,89.0,No,35.0
846,1952,Drama,99.0,Yes,50.0
847,1974,Drama,117.0,No,66.0
848,1970,Western,99.0,No,29.0
849,1955,Drama,100.0,No,80.0
850,1988,Mystery,,No,48.0
851,1968,Comedy,90.0,No,33.0
852,1976,Drama,94.0,No,70.0
853,1987,Drama,86.0,No,45.0
854,1988,Drama,91.0,No,72.0
855,1974,Action,111.0,No,73.0
856,1941,Drama,85.0,No,38.0
857,1990,Drama,102.0,No,29.0
858,1940,Drama,105.0,No,88.0
859,1955,Mystery,100.0,No,28.0
860,1987,Drama,60.0,No,44.0
861,1963,Drama,112.0,Yes,2.0
862,1951,War,111.0,No,5.0
863,1987,Horror,83.0,No,50.0
864,1956,Drama,124.0,No,11.0
865,1992,Action,88.0,No,61.0
866,1970,Drama,91.0,No,75.0
867,1991,Drama,108.0,No,58.0
868,1988,Drama,83.0,No,27.0
869,1923,Western,57.0,No,
870,1980,Comedy,109.0,No,25.0
871,1991,Science Fiction,110.0,No,11.0
872,1989,Action,107.0,No,87.0
873,1991,Action,85.0,No,78.0
874,1986,Action,87.0,No,57.0
875,1987,Comedy,103.0,No,37.0
876,1990,Action,90.0,No,40.0
877,1950,Drama,93.0,No,65.0
878,1992,Drama,112.0,No,45.0
879,1958,Drama,128.0,No,10.0
880,1987,Comedy,91.0,No,47.0
881,1946,Mystery,93.0,No,25.0
882,1941,Western,57.0,No,85.0
883,1940,Western,57.0,No,87.0
884,1941,Western,56.0,No,85.0
885,1992,Drama,137.0,No,26.0
886,1950,Western,105.0,No,64.0
887,1957,Drama,107.0,No,29.0
888,1939,Drama,94.0,No,75.0
889,1971,Action,110.0,No,68.0
890,1992,Drama,153.0,No,74.0
891,1983,Drama,72.0,No,0.0
892,1952,Western,90.0,No,14.0
893,1969,Western,101.0,No,62.0
894,1953,Drama,79.0,No,26.0
895,1929,Drama,129.0,No,65.0
896,1978,Drama,126.0,No,40.0
897,1981,Horror,104.0,No,32.0
898,1986,Horror,98.0,No,47.0
899,1982,Action,92.0,No,67.0
900,1985,Drama,108.0,Yes,62.0
901,1955,Comedy,116.0,Yes,8.0
902,1969,Drama,127.0,Yes,72.0
903,1987,Drama,139.0,No,45.0
904,1969,Drama,114.0,No,39.0
905,1991,Drama,117.0,No,6.0
906,1993,Comedy,95.0,No,53.0
907,1988,Action,90.0,No,10.0
908,1976,Action,128.0,No,0.0
909,1986,Music,94.0,No,23.0
910,1984,Drama,95.0,No,75.0
911,1990,Drama,95.0,No,8.0
912,1986,Comedy,112.0,No,36.0
913,1984,Comedy,102.0,No,21.0
914,1992,Drama,100.0,No,88.0
915,1986,Comedy,89.0,No,47.0
916,1978,Comedy,88.0,No,27.0
917,1989,Comedy,122.0,No,12.0
918,1979,Comedy,94.0,No,22.0
919,1980,,180.0,No,75.0
920,1986,Comedy,107.0,No,12.0
921,1982,Music,115.0,No,64.0
922,1989,Comedy,104.0,No,8.0
923,1985,Adventure,121.0,No,68.0
924,1989,Drama,114.0,No,66.0
925,1985,Comedy,115.0,No,62.0
926,1991,Drama,124.0,No,3.0
927,1988,Mystery,116.0,No,50.0
928,1989,Action,74.0,No,87.0
929,1971,Drama,108.0,No,22.0
930,1973,Drama,106.0,No,83.0
931,1988,Drama,360.0,No,12.0
932,1927,Drama,78.0,No,31.0
933,1989,Horror,93.0,No,59.0
934,1990,Comedy,89.0,No,0.0
935,1962,Drama,119.0,No,39.0
936,1992,Mystery,121.0,No,28.0
937,1991,Action,88.0,No,59.0
938,1988,Comedy,94.0,No,80.0
939,1988,Mystery,96.0,No,9.0
940,1990,Mystery,95.0,No,88.0
941,1962,Mystery,123.0,No,77.0
942,1972,Comedy,105.0,No,42.0
943,1965,Comedy,108.0,No,83.0
944,1965,Comedy,108.0,No,46.0
945,1983,Comedy,98.0,No,8.0
946,1988,Comedy,90.0,No,9.0
947,1990,Drama,106.0,No,50.0
948,1988,Comedy,107.0,No,23.0
949,1988,Comedy,94.0,No,67.0
950,1989,Drama,94.0,No,7.0
951,1987,Drama,87.0,No,36.0
952,1992,Action,,No,45.0
953,1970,Drama,100.0,No,3.0
954,1990,Drama,93.0,No,6.0
955,1991,Comedy,119.0,No,6.0
956,1987,Drama,97.0,No,66.0
957,1987,Drama,103.0,No,35.0
958,1989,Drama,122.0,No,6.0
959,1949,Action,100.0,No,74.0
960,1974,Science Fiction,104.0,No,6.0
961,1989,Comedy,84.0,No,29.0
962,1988,Comedy,90.0,No,59.0
963,1986,Comedy,84.0,No,6.0
964,1991,Music,60.0,No,54.0
965,1977,Drama,100.0,Yes,75.0
966,1971,Drama,111.0,No,69.0
967,1984,Drama,90.0,No,73.0
968,1990,Comedy,97.0,No,28.0
969,1986,Comedy,104.0,No,88.0
970,1985,Drama,135.0,No,13.0
971,1993,Drama,104.0,No,80.0
972,1989,Drama,88.0,No,29.0
973,1987,Drama,153.0,No,6.0
974,1991,Mystery,102.0,No,5.0
975,1969,Action,135.0,No,66.0
976,1986,Drama,96.0,No,75.0
977,1987,Drama,90.0,No,49.0
978,1943,Western,60.0,No,27.0
979,1986,Comedy,98.0,No,11.0
980,1987,Comedy,93.0,No,73.0
981,1990,Comedy,119.0,No,43.0
982,1991,Drama,111.0,No,19.0
983,1991,Action,142.0,No,4.0
984,1940,Western,56.0,No,17.0
985,1992,Music,53.0,No,20.0
986,1990,Mystery,106.0,No,58.0
987,1986,Comedy,111.0,No,59.0
988,1992,Mystery,96.0,No,5.0
989,1951,Mystery,101.0,No,17.0
990,1979,Western,198.0,No,86.0
991,1991,Action,87.0,No,53.0
992,1980,Drama,92.0,No,80.0
993,1969,Western,110.0,Yes,29.0
994,1968,Action,121.0,No,22.0
995,1980,Action,92.0,No,35.0
996,1986,Mystery,120.0,No,6.0
997,1989,Comedy,110.0,No,28.0
998,1976,Comedy,90.0,Yes,24.0
999,1988,Drama,81.0,No,7.0
1000,1992,Drama,128.0,No,24.0
1001,1988,Drama,92.0,No,42.0
1002,1992,Drama,138.0,Yes,8.0
1003,1991,Comedy,98.0,No,75.0
1004,1958,Drama,167.0,No,10.0
1005,1988,Horror,89.0,No,79.0
1006,1990,Action,98.0,No,5.0
1007,1947,Western,96.0,No,84.0
1008,1990,Mystery,109.0,No,23.0
1009,1988,Drama,91.0,No,48.0
1010,1991,Action,110.0,No,26.0
1011,1939,Western,109.0,No,30.0
1012,1988,Comedy,81.0,No,24.0
1013,1987,Science Fiction,120.0,No,41.0
1014,1988,Action,97.0,No,4.0
1015,1990,Comedy,102.0,No,17.0
1016,1991,Drama,135.0,No,60.0
1017,1990,Comedy,98.0,No,41.0
1018,1972,Comedy,99.0,No,60.0
1019,1991,Mystery,135.0,No,20.0
1020,1966,Comedy,127.0,Yes,79.0
1021,1992,Drama,213.0,No,13.0
1022,1982,Drama,128.0,No,88.0
1023,1985,Mystery,96.0,No,86.0
1024,1971,Drama,90.0,Yes,42.0
1025,1974,Drama,105.0,No,20.0
1026,1973,Action,100.0,No,65.0
1027,1968,Drama,105.0,No,26.0
1028,1970,Drama,107.0,No,72.0
1029,1971,Drama,102.0,No,72.0
1030,1986,Comedy,103.0,No,12.0
1031,1986,Science Fiction,89.0,No,42.0
1032,1984,Drama,110.0,No,48.0
1033,1989,Drama,97.0,No,71.0
1034,1975,Music,105.0,No,59.0
1035,1968,Drama,360.0,Yes,80.0
1036,1992,Drama,96.0,No,79.0
1037,1991,Comedy,90.0,No,9.0
1038,1979,Comedy,90.0,No,46.0
1039,1991,Comedy,80.0,No,30.0
1040,1990,Comedy,83.0,No,27.0
1041,1990,Action,,No,1.0
1042,1975,Drama,118.0,No,32.0
1043,1973,Drama,127.0,No,28.0
1044,1987,Drama,155.0,No,72.0
1045,1924,Drama,95.0,No,74.0
1046,1966,Drama,102.0,No,69.0
1047,1986,Comedy,90.0,No,88.0
1048,1990,Action,,No,62.0
1049,1972,Comedy,100.0,Yes,4.0
1050,1986,Action,83.0,No,38.0
1051,1983,Drama,123.0,No,7.0
1052,1986,Comedy,82.0,No,54.0
1053,1971,Drama,118.0,Yes,62.0
1054,1988,Drama,93.0,No,58.0
1055,1981,Drama,115.0,No,20.0
1056,1976,Drama,90.0,Yes,78.0
1057,1988,Drama,103.0,No,13.0
1058,1936,Mystery,77.0,No,74.0
1059,1977,Drama,105.0,Yes,11.0
1060,1985,Comedy,56.0,No,86.0
1061,1954,Drama,110.0,No,22.0
1062,1960,Drama,185.0,Yes,67.0
1063,1955,Comedy,150.0,Yes,70.0
1064,1992,Drama,95.0,No,77.0
1065,1988,Comedy,116.0,No,11.0
1066,1963,Drama,93.0,Yes,36.0
1067,1987,Drama,99.0,No,3.0
1068,1986,Comedy,93.0,No,84.0
1069,1987,Comedy,110.0,No,5.0
1070,1965,Drama,128.0,Yes,37.0
1071,1988,Comedy,101.0,No,30.0
1072,1988,Drama,120.0,No,24.0
1073,1978,Comedy,103.0,Yes,11.0
1074,1986,Horror,97.0,No,40.0
1075,1985,Western,116.0,No,45.0
1076,1990,Drama,88.0,No,41.0
1077,1986,Comedy,90.0,No,29.0
1078,1985,Action,88.0,No,31.0
1079,1964,Comedy,101.0,No,51.0
1080,1979,Action,88.0,No,2.0
1081,1982,Drama,122.0,No,30.0
1082,1989,Action,99.0,No,20.0
1083,1987,Action,97.0,No,36.0
1084,1990,Action,,No,8.0
1085,1933,Drama,72.0,No,66.0
1086,1992,Action,95.0,No,25.0
1087,1985,Science Fiction,117.0,Yes,45.0
1088,1986,Comedy,96.0,No,10.0
1089,1993,Comedy,103.0,No,8.0
1090,1981,Science Fiction,111.0,No,7.0
1091,1967,Western,114.0,No,67.0
1092,1992,Mystery,123.0,No,41.0
1093,1990,Action,113.0,No,8.0
1094,1987,Comedy,115.0,No,13.0
1095,1992,Drama,104.0,No,36.0
1096,1967,Drama,85.0,No,64.0
1097,1987,Drama,135.0,No,32.0
1098,1979,Drama,,Yes,8.0
1099,1988,Mystery,,No,42.0
1100,1991,Comedy,112.0,No,75.0
1101,1978,Drama,183.0,Yes,82.0
1102,1984,Drama,106.0,No,31.0
1103,1986,Comedy,108.0,No,57.0
1104,1983,Drama,131.0,No,52.0
1105,1982,Drama,151.0,Yes,64.0
1106,1985,Drama,161.0,Yes,88.0
1107,1981,Drama,127.0,No,37.0
1108,1985,Drama,124.0,No,9.0
1109,1988,Drama,122.0,No,67.0
1110,1989,Comedy,99.0,No,43.0
1111,1992,Drama,103.0,No,61.0
1112,1991,Drama,28.0,No,36.0
1113,1970,Music,129.0,No,67.0
1114,1987,Drama,100.0,No,52.0
1115,1983,Music,134.0,No,46.0
1116,1968,Music,151.0,Yes,30.0
1117,1990,Drama,97.0,No,39.0
1118,1970,Drama,140.0,No,75.0
1119,1987,Drama,,No,41.0
1120,1941,Drama,117.0,No,2.0
1121,1984,Action,102.0,No,5.0
1122,1949,Drama,78.0,No,66.0
1123,1989,Drama,99.0,Yes,6.0
1124,1991,Drama,111.0,No,35.0
1125,1983,Drama,105.0,No,54.0
1126,1957,Drama,173.0,No,74.0
1127,1975,Drama,101.0,No,72.0
1128,1967,Drama,109.0,No,81.0
1129,1972,Drama,110.0,No,87.0
1130,1968,Drama,109.0,No,60.0
1131,1963,Drama,243.0,No,80.0
1132,1950,Comedy,,No,54.0
1133,1992,Drama,130.0,Yes,82.0
1134,1977,Music,110.0,No,61.0
1135,1956,Drama,201.0,Yes,61.0
1136,1985,Drama,94.0,No,62.0
1137,1943,Drama,90.0,No,79.0
1138,1993,Drama,76.0,No,26.0
1139,1972,Drama,108.0,No,80.0
1140,1991,Comedy,60.0,No,21.0
1141,1991,Drama,,No,21.0
1142,1973,Drama,99.0,No,54.0
1143,1991,Drama,117.0,No,13.0
1144,1931,Western,125.0,Yes,44.0
1145,1992,Western,83.0,No,32.0
1146,1984,Music,,No,60.0
1147,1988,Comedy,101.0,No,74.0
1148,1991,Action,95.0,No,66.0
1149,1935,Western,234.0,No,87.0
1150,1988,Music,60.0,No,85.0
1151,1980,Comedy,97.0,No,76.0
1152,1948,Western,127.0,No,4.0
1153,1937,Drama,100.0,No,78.0
1154,1987,Action,91.0,No,5.0
1155,1988,Comedy,85.0,Yes,44.0
1156,1983,Drama,91.0,No,65.0
1157,1987,Drama,93.0,No,16.0
1158,1990,Horror,87.0,No,33.0
1159,1985,Comedy,116.0,No,9.0
1160,1963,Drama,80.0,No,2.0
1161,1963,Drama,95.0,No,79.0
1162,1959,Drama,100.0,No,3.0
1163,1961,Drama,154.0,No,71.0
1164,1986,Comedy,99.0,No,41.0
1165,1989,Mystery,88.0,No,42.0
1166,1990,Action,110.0,No,7.0
1167,1989,Drama,109.0,No,51.0
1168,1986,Drama,221.0,No,53.0
1169,1941,Western,94.0,No,79.0
1170,1939,Drama,80.0,No,53.0
1171,1940,Western,95.0,No,52.0
1172,1986,Drama,103.0,No,62.0
1173,1989,War,84.0,No,57.0
1174,1985,Comedy,130.0,Yes,25.0
1175,1983,Comedy,90.0,No,68.0
1176,1984,Drama,101.0,No,4.0
1177,1985,Action,106.0,No,68.0
1178,1984,Action,106.0,No,83.0
1179,1988,Comedy,121.0,Yes,56.0
1180,1955,War,117.0,No,4.0
1181,1958,Drama,98.0,No,4.0
1182,1988,Comedy,90.0,No,56.0
1183,1986,Comedy,91.0,No,10.0
1184,1968,Science Fiction,139.0,No,83.0
1185,1966,Drama,81.0,Yes,81.0
1186,1973,Drama,,Yes,3.0
1187,1968,Drama,88.0,No,37.0
1188,1969,Drama,101.0,No,6.0
1189,1984,Drama,96.0,Yes,7.0
1190,1957,Drama,147.0,Yes,19.0
1191,1968,War,158.0,No,57.0
1192,1985,Drama,95.0,No,58.0
1193,1990,Action,88.0,No,30.0
1194,1973,Drama,,Yes,7.0
1195,1959,Drama,88.0,Yes,8.0
1196,1970,Drama,97.0,No,45.0
1197,1971,Mystery,102.0,No,47.0
1198,1981,Comedy,88.0,No,65.0
1199,1967,Drama,127.0,Yes,49.0
1200,1988,Horror,89.0,No,85.0
1201,1990,Science Fiction,85.0,No,75.0
1202,1991,Mystery,114.0,No,33.0
1203,1992,Adventure,121.0,No,39.0
1204,1986,Mystery,109.0,No,16.0
1205,1991,Comedy,104.0,No,64.0
1206,1988,Comedy,96.0,No,71.0
1207,1986,Science Fiction,137.0,No,82.0
1208,1992,Science Fiction,115.0,No,59.0
1209,1997,Science Fiction,109.0,No,60.0
1210,1979,Science Fiction,117.0,No,83.0
1211,1985,Comedy,97.0,No,64.0
1212,1984,Comedy,96.0,No,50.0
1213,1973,Drama,96.0,No,73.0
1214,1974,Action,82.0,No,84.0
1215,1972,Action,92.0,No,37.0
1216,1966,Mystery,101.0,No,70.0
1217,1967,Comedy,107.0,No,67.0
1218,1977,Action,120.0,No,86.0
1219,1969,Western,110.0,No,48.0
1220,1975,Drama,90.0,No,75.0
1221,1968,Western,106.0,No,9.0
1222,1973,Mystery,119.0,No,39.0
1223,1972,Drama,87.0,No,9.0
1224,1990,Music,,No,13.0
1225,1988,Drama,161.0,No,24.0
1226,1955,Drama,60.0,No,82.0
1227,1987,Science Fiction,88.0,No,74.0
1228,1966,Comedy,126.0,Yes,3.0
1229,1990,Action,92.0,No,46.0
1230,1987,Action,106.0,No,23.0
1231,1970,Comedy,91.0,No,62.0
1232,1989,Comedy,107.0,No,64.0
1233,1990,Drama,108.0,No,30.0
1234,1987,Horror,97.0,No,67.0
1235,1989,Comedy,93.0,No,43.0
1236,1974,Drama,114.0,Yes,59.0
1237,1973,Comedy,112.0,Yes,39.0
1238,1953,Music,96.0,No,67.0
1239,1980,Comedy,111.0,No,40.0
1240,1989,Comedy,91.0,No,47.0
1241,1956,Drama,83.0,No,51.0
1242,1973,Western,102.0,No,12.0
1243,1989,Horror,90.0,No,24.0
1244,1992,Drama,139.0,No,64.0
1245,1982,Drama,125.0,Yes,1.0
1246,1987,Mystery,101.0,No,54.0
1247,1986,Comedy,116.0,No,39.0
1248,1970,Action,90.0,No,17.0
1249,1965,Drama,106.0,No,51.0
1250,1955,Drama,109.0,No,23.0
1251,1977,Horror,90.0,No,62.0
1252,1968,Western,100.0,No,33.0
1253,1992,Drama,96.0,No,76.0
1254,1964,Westerns,102.0,No,61.0
1255,1985,Comedy,94.0,No,84.0
1256,1991,Comedy,160.0,No,88.0
1257,1956,Western,119.0,No,9.0
1258,1979,Action,105.0,No,5.0
1259,1955,Drama,111.0,No,82.0
1260,1961,Music,153.0,Yes,38.0
1261,1970,Comedy,110.0,No,68.0
1262,1966,Comedy,95.0,No,12.0
1263,1966,Comedy,104.0,No,6.0
1264,1987,Drama,134.0,No,68.0
1265,1989,Drama,117.0,No,57.0
1266,1968,Drama,102.0,No,32.0
1267,1961,Drama,98.0,No,54.0
1268,1960,Drama,135.0,No,3.0
1269,1993,Drama,,No,29.0
1270,1991,Drama,144.0,No,49.0
1271,1943,Drama,108.0,No,32.0
1272,1950,Drama,85.0,No,27.0
1273,1950,Mystery,110.0,No,72.0
1274,1947,Drama,103.0,No,4.0
1275,1975,Action,93.0,No,85.0
1276,1949,Drama,90.0,No,57.0
1277,1987,Mystery,103.0,No,69.0
1278,1993,Drama,75.0,No,0.0
1279,1947,Drama,87.0,No,17.0
1280,1990,Science Fiction,92.0,No,18.0
1281,1953,Action,94.0,No,71.0
1282,1954,Western,91.0,No,78.0
1283,1977,Drama,146.0,No,84.0
1284,1979,Comedy,119.0,No,10.0
1285,1954,Drama,30.0,No,
1286,1987,Drama,100.0,No,73.0
1287,1966,Mystery,103.0,No,34.0
1288,1962,War,183.0,No,7.0
1289,1986,Drama,128.0,No,8.0
1290,1988,Action,92.0,No,78.0
1291,1986,Horror,85.0,No,8.0
1292,1988,Drama,138.0,Yes,14.0
1293,1981,Drama,118.0,No,84.0
1294,1991,Comedy,102.0,No,32.0
1295,1987,Drama,164.0,Yes,1.0
1296,1962,Drama,100.0,No,35.0
1297,1983,Drama,90.0,No,72.0
1298,1989,Drama,91.0,No,35.0
1299,1991,Action,105.0,No,72.0
1300,1963,Comedy,113.0,No,38.0
1301,1961,Western,141.0,No,26.0
1302,1937,Comedy,61.0,No,83.0
1303,1987,Drama,94.0,No,68.0
1304,1936,Comedy,87.0,No,4.0
1305,1991,Action,114.0,No,16.0
1306,1931,Drama,87.0,No,60.0
1307,1979,Action,95.0,No,68.0
1308,1984,Action,90.0,No,45.0
1309,1979,Drama,153.0,No,8.0
1310,1990,Drama,94.0,No,7.0
1311,1963,Horror,81.0,No,88.0
1312,1963,Horror,86.0,No,85.0
1313,1975,Horror,87.0,No,21.0
1314,1986,Drama,97.0,No,63.0
1315,1991,Comedy,87.0,No,24.0
1316,1979,Comedy,87.0,No,47.0
1317,1987,Drama,119.0,Yes,7.0
1318,1986,Comedy,91.0,No,16.0
1319,1989,Drama,90.0,No,75.0
1320,1990,Action,94.0,No,10.0
1321,1984,Drama,130.0,No,25.0
1322,1974,Music,89.0,No,31.0
1323,1975,Western,94.0,No,76.0
1324,1982,Action,136.0,No,64.0
1325,1987,Action,91.0,No,82.0
1326,1993,Comedy,,No,29.0
1327,1966,Comedy,107.0,No,40.0
1328,1990,Western,86.0,No,1.0
1329,1945,War,135.0,No,88.0
1330,1991,Drama,125.0,No,46.0
1331,1949,Western,59.0,No,1.0
1332,1949,Western,60.0,No,8.0
1333,1949,Western,60.0,No,31.0
1334,1950,Western,60.0,No,6.0
1335,1948,Western,59.0,No,72.0
1336,1948,Western,60.0,No,18.0
1337,1948,Western,59.0,No,61.0
1338,1968,Comedy,73.0,No,8.0
1339,1983,Comedy,112.0,No,54.0
1340,1971,Drama,104.0,Yes,88.0
1341,1985,Action,114.0,No,70.0
1342,1961,Drama,113.0,No,77.0
1343,1983,Comedy,69.0,No,6.0
1344,1984,Comedy,77.0,No,36.0
1345,1958,Comedy,83.0,No,54.0
1346,1982,Drama,111.0,No,53.0
1347,1989,Drama,150.0,No,75.0
1348,1988,Drama,84.0,No,50.0
1349,1953,Action,92.0,No,3.0
1350,1960,Western,122.0,No,31.0
1351,1966,Action,76.0,No,70.0
1352,1966,Western,82.0,No,26.0
1353,1970,Western,93.0,No,26.0
1354,1953,Drama,95.0,No,63.0
1355,1935,Science Fiction,88.0,No,8.0
1356,1969,Mystery,126.0,No,12.0
1357,1930,Mystery,95.0,No,50.0
1358,1954,Mystery,123.0,No,52.0
1359,1937,Mystery,80.0,No,43.0
1360,1976,Horror,95.0,No,88.0
1361,1981,Drama,124.0,Yes,6.0
1362,1982,Comedy,81.0,No,81.0
1363,1975,Drama,129.0,No,6.0
1364,1981,Drama,117.0,No,39.0
1365,1970,War,146.0,No,84.0
1366,1989,Mystery,109.0,No,63.0
1367,1990,Drama,96.0,No,30.0
1368,1985,Comedy,82.0,No,41.0
1369,1986,Comedy,107.0,No,49.0
1370,1984,Drama,141.0,Yes,6.0
1371,1992,Action,85.0,No,25.0
1372,1979,Comedy,94.0,No,11.0
1373,1983,Comedy,107.0,No,33.0
1374,1971,Action,121.0,No,7.0
1375,1945,Western,82.0,No,27.0
1376,1952,Drama,112.0,Yes,86.0
1377,1968,War,133.0,No,36.0
1378,1990,Action,90.0,No,84.0
1379,1937,Mystery,71.0,No,45.0
1380,1956,War,106.0,No,84.0
1381,1974,Drama,121.0,Yes,64.0
1382,1971,Science Fiction,138.0,Yes,83.0
1383,1991,War,117.0,No,45.0
1384,1943,Drama,82.0,No,85.0
1385,1991,Drama,97.0,No,50.0
1386,1946,Drama,110.0,No,31.0
1387,1960,Drama,152.0,No,65.0
1388,1951,Drama,166.0,No,40.0
1389,1951,Drama,83.0,Yes,59.0
1390,1962,Mystery,96.0,No,6.0
1391,1955,Drama,200.0,No,9.0
1392,1957,Drama,110.0,No,60.0
1393,1961,Action,110.0,No,60.0
1394,1980,Drama,161.0,Yes,74.0
1395,1952,Drama,134.0,No,36.0
1396,1987,Action,90.0,No,26.0
1397,1986,Action,90.0,No,
1398,1926,Science Fiction,139.0,No,49.0
1399,1946,Mystery,106.0,No,55.0
1400,1920,Drama,137.0,No,29.0
1401,1954,Drama,90.0,No,27.0
1402,1928,Drama,130.0,No,49.0
1403,1933,Drama,120.0,No,4.0
1404,1991,Drama,95.0,No,48.0
1405,1990,Drama,129.0,No,78.0
1406,1989,Drama,30.0,No,35.0
1407,1989,Comedy,55.0,No,6.0
1408,1991,Westerns,130.0,No,34.0
1409,1944,War,139.0,No,45.0
1410,1982,Drama,93.0,No,23.0
1411,1974,Action,109.0,No,63.0
1412,1987,Comedy,120.0,No,37.0
1413,1945,Drama,94.0,No,76.0
1414,1969,Music,161.0,No,46.0
1415,1964,Comedy,105.0,No,16.0
1416,1976,Action,92.0,No,25.0
1417,1984,Action,83.0,No,34.0
1418,1987,War,85.0,No,37.0
1419,1944,War,100.0,No,35.0
1420,1988,Drama,75.0,No,32.0
1421,1978,Horror,90.0,No,2.0
1422,1955,Comedy,87.0,No,28.0
1423,1957,Drama,97.0,No,12.0
1424,1971,Comedy,88.0,No,44.0
1425,1984,Action,92.0,No,17.0
1426,1991,Drama,89.0,No,54.0
1427,1970,Action,89.0,No,69.0
1428,1940,Western,90.0,No,27.0
1429,1967,Comedy,85.0,No,28.0
1430,1980,Action,99.0,No,62.0
1431,1970,Western,111.0,No,72.0
1432,1990,Drama,135.0,No,8.0
1433,1966,Drama,123.0,Yes,75.0
1434,1973,Drama,91.0,No,6.0
1435,1942,Action,101.0,No,61.0
1436,1991,Comedy,87.0,No,52.0
1437,1982,Comedy,92.0,No,68.0
1438,1987,Comedy,90.0,No,51.0
1439,1989,Comedy,118.0,No,11.0
1440,1973,Western,93.0,No,47.0
1441,1987,Drama,90.0,No,42.0
1442,1971,Drama,115.0,No,7.0
1443,1970,Comedy,117.0,No,50.0
1444,1988,Action,90.0,No,3.0
1445,1981,Mystery,94.0,No,9.0
1446,1935,Mystery,60.0,No,71.0
1447,1988,Drama,92.0,No,57.0
1448,1990,Horror,97.0,No,29.0
1449,1990,Drama,,No,88.0
1450,1989,Comedy,94.0,No,25.0
1451,1987,Drama,116.0,No,21.0
1452,1976,Drama,139.0,Yes,45.0
1453,1987,Action,73.0,No,59.0
1454,1969,Western,144.0,No,50.0
1455,1988,Drama,92.0,No,13.0
1456,1993,Comedy,,No,70.0
1457,1988,Drama,100.0,No,26.0
1458,1975,Action,112.0,No,16.0
1459,1972,Drama,116.0,No,88.0
1460,1970,Drama,112.0,No,75.0
1461,1973,Action,122.0,No,28.0
1462,1989,Action,86.0,No,31.0
1463,1979,Comedy,108.0,No,12.0
1464,1983,Horror,86.0,No,24.0
1465,1986,Drama,140.0,Yes,71.0
1466,1951,Action,102.0,No,23.0
1467,1985,Drama,92.0,No,49.0
1468,1980,Comedy,123.0,No,71.0
1469,1972,Western,92.0,No,29.0
1470,1983,Comedy,102.0,No,52.0
1471,1984,Action,96.0,No,20.0
1472,1991,Music,60.0,No,82.0
1473,1987,Action,98.0,No,87.0
1474,1990,Comedy,96.0,No,63.0
1475,1990,Science Fiction,103.0,No,22.0
1476,1972,Western,128.0,No,58.0
1477,1985,Drama,95.0,No,22.0
1478,1970,War,170.0,Yes,8.0
1479,1969,Drama,123.0,Yes,33.0
1480,1985,Drama,131.0,No,61.0
1481,1976,Drama,112.0,No,39.0
1482,1987,Comedy,86.0,No,69.0
1483,1991,Drama,,No,25.0
1484,1991,Comedy,60.0,No,6.0
1485,1938,Western,55.0,No,83.0
1486,1938,Western,55.0,No,33.0
1487,1982,Horror,92.0,No,75.0
1488,1971,Drama,109.0,No,60.0
1489,1979,Drama,112.0,No,22.0
1490,1948,Drama,88.0,No,77.0
1491,1976,War,132.0,No,36.0
1492,1990,Action,126.0,No,8.0
1493,1993,Mystery,90.0,No,48.0
1494,1991,Drama,193.0,No,56.0
1495,1924,Drama,123.0,No,63.0
1496,1986,Drama,120.0,Yes,8.0
1497,1963,Science Fiction,89.0,No,79.0
1498,1971,Music,100.0,No,65.0
1499,1971,Western,88.0,No,79.0
1500,1985,Comedy,104.0,No,19.0
1501,1938,Drama,96.0,Yes,21.0
1502,1990,Music,59.0,No,48.0
1503,1982,Drama,150.0,No,80.0
1504,1947,Western,61.0,No,80.0
1505,1947,Western,56.0,No,43.0
1506,1937,Western,60.0,No,53.0
1507,1992,Action,54.0,No,43.0
1508,1947,Western,58.0,No,21.0
1509,1947,Western,53.0,No,66.0
1510,1949,Western,66.0,No,62.0
1511,1992,Action,53.0,No,78.0
1512,1937,Western,60.0,No,52.0
1513,1937,Western,60.0,No,17.0
1514,1949,Western,59.0,No,40.0
1515,1991,Comedy,102.0,No,47.0
1516,1957,Drama,73.0,No,5.0
1517,1953,Drama,79.0,No,7.0
1518,1982,Drama,136.0,No,5.0
1519,1960,Action,164.0,No,29.0
1520,1986,Drama,91.0,No,24.0
1521,1985,Comedy,109.0,No,54.0
1522,1990,Drama,128.0,Yes,8.0
1523,1952,Drama,93.0,No,23.0
1524,1949,War,119.0,No,7.0
1525,1976,Drama,176.0,No,41.0
1526,1990,Drama,98.0,No,17.0
1527,1982,Drama,111.0,No,51.0
1528,1956,Drama,97.0,No,56.0
1529,1955,Comedy,57.0,No,51.0
1530,1962,Action,182.0,No,35.0
1531,1989,Western,,No,9.0
1532,1986,Comedy,60.0,No,4.0
1533,1986,Comedy,60.0,No,24.0
1534,1986,Comedy,59.0,No,79.0
1535,1986,Comedy,58.0,No,63.0
1536,1990,Comedy,,No,82.0
1537,1982,Comedy,101.0,No,86.0
1538,1981,Drama,127.0,No,2.0
1539,1964,Action,,No,6.0
1540,1993,Mystery,108.0,No,6.0
1541,1992,Comedy,60.0,No,22.0
1542,1990,Comedy,60.0,No,6.0
1543,1992,Mystery,52.0,No,40.0
1544,1977,Drama,255.0,No,82.0
1545,1989,Comedy,90.0,No,5.0
1546,1972,War,15.0,No,21.0
1547,1991,Westerns,,No,11.0
1548,1991,Action,,No,53.0
1549,1992,Action,92.0,No,26.0
1550,1992,Westerns,163.0,No,68.0
1551,1959,Western,60.0,No,54.0
1552,1992,Mystery,118.0,No,55.0
1553,1987,Drama,95.0,No,25.0
1554,1992,Western,165.0,No,45.0
1555,1992,Mystery,,No,54.0
1556,1993,Action,88.0,No,26.0
1557,1986,Drama,119.0,No,54.0
1558,1993,Western,102.0,No,25.0
1559,1991,Drama,,No,81.0
1560,1989,Comedy,116.0,No,65.0
1561,1959,Western,60.0,No,26.0
1562,1983,Drama,,No,23.0
1563,1973,Western,105.0,No,54.0
1564,1992,Mystery,72.0,No,70.0
1565,1990,Drama,,No,79.0
1566,1982,Drama,208.0,No,84.0
1567,1975,Drama,85.0,No,60.0
1568,1953,Horror,120.0,No,0.0
1569,1991,Drama,128.0,No,18.0
1570,1990,Horror,45.0,No,3.0
1571,1992,Drama,112.0,No,1.0
1572,1992,Action,105.0,No,60.0
1573,1992,Mystery,83.0,No,65.0
1574,1992,Drama,166.0,No,6.0
1575,1992,Action,133.0,No,68.0
1576,1986,Comedy,49.0,No,67.0
1577,1990,Mystery,92.0,No,3.0
1578,1990,Music,50.0,No,49.0
1579,1986,Comedy,52.0,No,65.0
1580,1989,Music,90.0,No,52.0
1581,1991,Comedy,98.0,No,81.0
1582,1986,Comedy,60.0,No,3.0
1583,1974,Comedy,60.0,No,34.0
1584,1993,Action,,No,38.0
1585,1992,Action,101.0,No,76.0
1586,1989,Mystery,,No,29.0
1587,1983,Comedy,91.0,No,24.0
1588,1990,Action,98.0,No,54.0
1589,1989,Comedy,,No,56.0
1590,1991,Comedy,99.0,No,6.0
1591,1953,Horror,91.0,No,56.0
1592,1992,Mystery,121.0,No,86.0
1593,1992,Western,102.0,No,26.0
1594,1989,Action,,No,40.0
1595,1992,Drama,136.0,No,66.0
1596,1968,Comedy,,No,28.0
1597,1990,Mystery,,No,3.0
1598,1989,Music,61.0,No,12.0
1599,1987,Comedy,60.0,No,14.0
1600,1991,Comedy,60.0,No,44.0
1601,1989,Western,,No,1.0
1602,1988,Drama,96.0,No,26.0
1603,1991,War,80.0,No,41.0
1604,1991,Action,91.0,No,2.0
1605,1956,Comedy,27.0,No,45.0
1606,1953,Comedy,75.0,No,80.0
1607,1975,Comedy,95.0,No,72.0
1608,1991,Comedy,101.0,No,23.0
1609,1991,Comedy,101.0,No,75.0
1610,1960,Action,91.0,No,5.0
1611,1991,Comedy,121.0,No,77.0
1612,1991,Comedy,84.0,No,7.0
1613,1988,Horror,65.0,No,79.0
1614,1958,Science Fiction,92.0,No,30.0
1615,1989,Action,90.0,No,70.0
1616,1979,Music,90.0,No,38.0
1617,1942,Drama,253.0,No,31.0
1618,1992,Action,,No,83.0
1619,1992,Drama,87.0,No,68.0
1620,1967,Western,105.0,No,47.0
1621,1980,Drama,93.0,No,13.0
1622,1991,Drama,108.0,No,19.0
1623,1991,Drama,101.0,No,76.0
1624,1991,Comedy,92.0,No,44.0
1625,1957,Western,60.0,No,1.0
1626,1992,Western,56.0,No,44.0
1627,1993,Western,,No,70.0
1628,1939,Western,55.0,No,73.0
1629,1934,Western,54.0,No,23.0
1630,1932,Western,,No,7.0
1631,1932,Action,210.0,No,68.0
1632,1965,War,165.0,No,66.0
1633,1991,War,,No,49.0
1634,1992,War,,No,3.0
1635,1991,Western,,No,58.0
1636,1939,Western,112.0,No,3.0
1637,1939,Western,110.0,No,24.0
1638,1938,Western,110.0,No,28.0
1639,1990,Western,,No,87.0
1640,1991,Western,,No,22.0
1641,1991,Western,56.0,No,78.0
1642,1992,Western,59.0,No,8.0
1643,1991,Western,52.0,No,35.0
1644,1991,Western,56.0,No,3.0
1645,1934,Western,54.0,No,48.0
1646,1992,Action,112.0,No,5.0
1647,1993,Western,,No,73.0
1648,1991,Western,54.0,No,28.0
1649,1991,Western,53.0,No,75.0
1650,1993,Western,58.0,No,77.0
1651,1992,Western,134.0,No,16.0
1652,1991,Western,52.0,No,30.0
1653,1990,Western,,No,23.0
1654,1932,Action,226.0,No,19.0
1655,1989,Action,103.0,No,43.0
1656,1988,Drama,78.0,No,19.0
1657,1977,Comedy,75.0,No,18.0
1658,1991,Comedy,65.0,No,4.0
